{"cameraMode":{"drawMode":0,"name":"Shaded","section":"Shading Mode"},"sceneLighting":false,"audioPlay":false,"sceneViewState":{"m_AlwaysRefresh":false,"showFog":true,"showSkybox":false,"showFlares":true,"showImageEffects":true,"showParticleSystems":true,"showVisualEffectGraphs":true,"m_FxEnabled":true},"in2DMode":false,"pivot":{"x":-0.00025826506316661835,"y":0.002073213690891862,"z":-0.00029944535344839096},"rotation":{"x":-0.014455589465796948,"y":0.9643242955207825,"z":-0.05386326089501381,"w":-0.25879186391830447},"size":0.013792505487799645,"orthographic":true}