{"cameraMode":{"drawMode":0,"name":"Shaded","section":"Shading Mode"},"sceneLighting":false,"audioPlay":false,"sceneViewState":{"m_AlwaysRefresh":false,"showFog":true,"showSkybox":false,"showFlares":true,"showImageEffects":true,"showParticleSystems":true,"showVisualEffectGraphs":true,"m_FxEnabled":true},"in2DMode":false,"pivot":{"x":-0.015165269374847412,"y":0.02317044883966446,"z":-0.007997304201126099},"rotation":{"x":-0.07840761542320252,"y":-0.9211154580116272,"z":0.25343576073646548,"w":-0.28493964672088625},"size":0.10958272963762284,"orthographic":true}