{"cameraMode":{"drawMode":0,"name":"Shaded","section":"Shading Mode"},"sceneLighting":false,"audioPlay":false,"sceneViewState":{"m_AlwaysRefresh":false,"showFog":true,"showSkybox":false,"showFlares":true,"showImageEffects":true,"showParticleSystems":true,"showVisualEffectGraphs":true,"m_FxEnabled":true},"in2DMode":false,"pivot":{"x":152.2154541015625,"y":30.88264274597168,"z":16.621288299560548},"rotation":{"x":-0.0007419597241096199,"y":-0.9975663423538208,"z":-0.010776014067232609,"w":0.06893865019083023},"size":0.8660253882408142,"orthographic":false}