{"cameraMode":{"drawMode":0,"name":"Shaded","section":"Shading Mode"},"sceneLighting":true,"audioPlay":false,"sceneViewState":{"m_AlwaysRefresh":false,"showFog":true,"showSkybox":true,"showFlares":true,"showImageEffects":true,"showParticleSystems":true,"showVisualEffectGraphs":true,"m_FxEnabled":true},"in2DMode":false,"pivot":{"x":0.5377328395843506,"y":0.7972328662872315,"z":-0.5695798993110657},"rotation":{"x":-0.011979965493083,"y":0.9840018153190613,"z":-0.16233257949352265,"w":-0.07274468243122101},"size":2.3541371822357179,"orthographic":true}