{"cameraMode":{"drawMode":0,"name":"Shaded","section":"Shading Mode"},"sceneLighting":true,"audioPlay":false,"sceneViewState":{"m_AlwaysRefresh":false,"showFog":true,"showSkybox":true,"showFlares":true,"showImageEffects":true,"showParticleSystems":true,"showVisualEffectGraphs":true,"m_FxEnabled":true},"in2DMode":false,"pivot":{"x":247.47084045410157,"y":53.93264389038086,"z":236.94090270996095},"rotation":{"x":0.11477886885404587,"y":-0.15137237310409547,"z":0.017699547111988069,"w":0.9816303253173828},"size":4.552938938140869,"orthographic":true}