{"cameraMode":{"drawMode":0,"name":"Shaded","section":"Shading Mode"},"sceneLighting":true,"audioPlay":false,"sceneViewState":{"m_AlwaysRefresh":false,"showFog":true,"showSkybox":true,"showFlares":true,"showImageEffects":true,"showParticleSystems":true,"showVisualEffectGraphs":true,"m_FxEnabled":true},"in2DMode":false,"pivot":{"x":404.1554260253906,"y":52.565643310546878,"z":483.23480224609377},"rotation":{"x":0.23089243471622468,"y":0.38270533084869387,"z":-0.09939070791006088,"w":0.8890268802642822},"size":451.259521484375,"orthographic":true}