{"cameraMode":{"drawMode":0,"name":"Shaded","section":"Shading Mode"},"sceneLighting":true,"audioPlay":false,"sceneViewState":{"m_AlwaysRefresh":false,"showFog":true,"showSkybox":true,"showFlares":true,"showImageEffects":true,"showParticleSystems":true,"showVisualEffectGraphs":true,"m_FxEnabled":true},"in2DMode":false,"pivot":{"x":2.439859390258789,"y":6.4977617263793949,"z":-0.5726085901260376},"rotation":{"x":-0.0028663952834904196,"y":-0.9543168544769287,"z":-0.009163272567093373,"w":0.2986544072628021},"size":10.950525283813477,"orthographic":false}