{"cameraMode":{"drawMode":0,"name":"Shaded","section":"Shading Mode"},"sceneLighting":true,"audioPlay":false,"sceneViewState":{"m_AlwaysRefresh":false,"showFog":true,"showSkybox":true,"showFlares":true,"showImageEffects":true,"showParticleSystems":true,"showVisualEffectGraphs":true,"m_FxEnabled":true},"in2DMode":false,"pivot":{"x":10.430126190185547,"y":-6.613110542297363,"z":3.975367546081543},"rotation":{"x":-0.015055868774652481,"y":0.9477474689483643,"z":-0.31545183062553408,"w":-0.045242052525281909},"size":13.335542678833008,"orthographic":false}