{"cameraMode":{"drawMode":0,"name":"Shaded","section":"Shading Mode"},"sceneLighting":true,"audioPlay":false,"sceneViewState":{"m_AlwaysRefresh":false,"showFog":true,"showSkybox":true,"showFlares":true,"showImageEffects":true,"showParticleSystems":true,"showVisualEffectGraphs":true,"m_FxEnabled":true},"in2DMode":false,"pivot":{"x":20.092939376831056,"y":44.43812942504883,"z":-66.93696594238281},"rotation":{"x":0.21873721480369569,"y":-0.08622836321592331,"z":0.019408797845244409,"w":0.9717808961868286},"size":110.52747344970703,"orthographic":true}