{"cameraMode":{"drawMode":0,"name":"Shaded","section":"Shading Mode"},"sceneLighting":true,"audioPlay":false,"sceneViewState":{"m_AlwaysRefresh":false,"showFog":true,"showSkybox":true,"showFlares":true,"showImageEffects":true,"showParticleSystems":true,"showVisualEffectGraphs":true,"m_FxEnabled":true},"in2DMode":false,"pivot":{"x":358.3523254394531,"y":36.472232818603519,"z":113.66969299316406},"rotation":{"x":0.02664240635931492,"y":0.9733636379241943,"z":-0.15848828852176667,"w":0.16357874870300294},"size":223.7288360595703,"orthographic":false}