{"cameraMode":{"drawMode":0,"name":"Shaded","section":"Shading Mode"},"sceneLighting":false,"audioPlay":false,"sceneViewState":{"m_AlwaysRefresh":false,"showFog":true,"showSkybox":false,"showFlares":true,"showImageEffects":true,"showParticleSystems":true,"showVisualEffectGraphs":true,"m_FxEnabled":true},"in2DMode":false,"pivot":{"x":157.2100067138672,"y":20.610000610351564,"z":356.239990234375},"rotation":{"x":-0.14565053582191468,"y":0.055486563593149188,"z":-0.008121436461806298,"w":-0.9877582788467407},"size":0.8660253882408142,"orthographic":false}